Guide,Score,
GGGAGGAGAACATCAATACA,4.977404594,
AATACAAGGCTGCTAATACA,4.645244598,
AATACACGGTGAGAAGCCGT,2.820525646,
GTGAGAAGCCGTCGGTTTGT,4.841366291,
TTTGTCGGCGACCCAATACC,3.326081276,
GGCGACCCAATACCCGGTTT,4.707404613,
CCCTCATCTCCTGTTCCTGA,4.705184937,
TTCCTGACGGCCTGCCCCAT,4.135746002,
GCCCCATAGGCTTTCTTACT,2.953141212,
AGCAGCTCATGAGAGCCTGC,4.464992523,
GCTCATGAGAGCCTGCCGGG,4.529598236,
GTGGTAACTAAAAAATCCCG,5.035673141,
TAACTAAAAAATCCCGTGGT,4.797595978,
GTTGGAAAAAGAAGCACTAG,4.023071289,
TACAGTACCCCGTAAACCAT,4.707641602,
CAGTACCCCGTAAACCATTG,4.090856075,
AAACCATTGGGGTTTTAGCT,4.763571739,
CGCCATGAAACGAACTCGAG,1.292149305,
GAAACGAACTCGAGTGGTCA,5.158434868,1
GGTCAAGGAACGCACCAAGA,5.350094795,2
TCAAGGAACGCACCAAGATG,3.136753559,
GGTGTGCGACCTGCCGCAAA,3.595550537,
GTGCGACCTGCCGCAAACGG,2.023415804,
GGGTCAAGTGCGACGAAACT,3.2394135,
GTTTGCTCCAACTGCAAGCG,1.176277399,
CCGATTCGACTTTAAGCAGA,1.89530015,
CGACTTTAAGCAGACGGCAC,2.848376036,
CAGACGGCACTGGCCGAATT,4.60819006,
CCAGCAGAGCCAGATATCCA,4.228769779,
CCAGATATCCAAGGGCTACA,4.538279533,
ATATCCAAGGGCTACAAGGT,3.10884738,
GAACGTGTTCAACGCCCGTC,2.595050335,
CGTGTTCAACGCCCGTCTGG,3.914564371,
CAACGCCCGTCTGGTGGAGA,4.081667423,
GTGGAGACGGAAGACACCGA,4.120939732,
GGAAGACACCGAAGGGACCA,3.370102882,
ACCGAAGGGACCATGGTGCC,3.851881981,
GACCATGGTGCCAGGAGAAC,4.475225449,
GCCAGGAGAACAGGTCTTCA,4.01208353,
AGGAGAACAGGTCTTCAAGG,3.129798651,
GGTCTTCAAGGTGGTCAGCG,4.237861633,
CCAGCAACAACTACCACAAC,4.098286629,
CAACTACCACAACAGGAACA,3.632668018,
ACAGGAACAAGGTCAACGAC,3.896595478,
GAGCTTCAATATGAACAGCA,4.409201622,
ACCACAAATACAAATCAAAC,3.961615562,
ACAAATCAAACCGGAGCCAG,3.601035833,
GCCAGAGGAACATGCATTCA,5.121683121,
ATTCAAGGTCCCTTCTTATA,4.946434975,
CCCTTCTTATACGGACAAGT,4.300284863,
ATACGGACAAGTCGGAGCTC,3.13764143,
CCGGTTTCCGCCAGCAGCTC,1.96283102,
CCAGCAGCTCTGGCGTCAAC,4.026775837,
ACAGGCCAGCTCCCCAGAGA,3.760541439,
AGACGGCTCAGCACCTAACC,3.170041561,
GCTGCCCCCTCAGCAGCTGC,3.795942307,
GCCCCCTCAGCAGCTGCCGG,2.463401318,
TCAGCAGCTGCCGGAGGCGC,3.77945447,
GCTGCCGGAGGCGCTGGAGA,2.221297503,
CACTCTCCTGCATCGATTCG,4.304163933,
CATCGATTCGTGGCCCACCT,4.714902878,
CCCATGCATATGCGCCTTAG,4.276159763,
GAACCCAACAGTCTGCTCGA,4.130413055,
GAGTTACTCCCGCATCATAC,4.240993977,
GACTCACGATGTGCCCCAGA,3.240960598,
GCCCCAGATGGCCTTCTCTC,4.611918926,
CTATCTTATGAGTGCCATCT,3.840853453,
GTGTCAGTTTCCATTGTCAG,4.253354073,
TCAGAGGCTGCAAAGAGAAG,4.126591206,
TACTACCAGCAAGCCATTGA,4.220949173,
CCAGCAAGCCATTGAAGGGC,1.798945904,
AGCCATTGAAGGGCTGGCGC,3.225995302,
AGGGCTGGCGCAGGAAATCA,4.509921551,
TGACATGCTACGAAACGTAC,4.898209095,
ACATGCTACGAAACGTACTG,4.179291725,
ACTGGGGCGATCTATCCAAC,4.744122505,
CAACTGGTACAAGCACATGA,3.831905365,
GTACAAGCACATGACGGGTT,0.049351215,
GGGAGACTTTGCAAAGCTCA,3.698870897,
AAAGCTCATGGGAGCCATTC,3.643078327,
TGGGAGCCATTCCGGGAAGC,4.972844124,
GCAACTCGATCTGCAATATA,3.759898424,
ATCTGCAATATACGGTGATT,3.77146244,
CGAGTTTTACCAGAGCATGC,4.201259613,
TTTTACCAGAGCATGCTGGG,2.59021163,
GAGCATGCTGGGAGGAGTCG,2.849107027,
GGGAGGAGTCGAGGGCAGAT,4.260019302,
GCAGATTGGGCCCTGAATAC,4.085176945,
TTGGGCCCTGAATACTGGCT,4.512277603,
ACTGGCTAGGTATCCCGTCG,4.361046791,
GCTAGGTATCCCGTCGAGGG,2.309480667,
GGTAACCCTGCACTGACAGC,1.311596155,
CAGCCGGCGACGACATTTCG,3.994683981,
GCGGTTGCTAATGCAAATCA,2.85871768,
GGTTGCTAATGCAAATCACG,4.420446396,
AATGCAAATCACGGGGTTTG,4.788536072,
AAACGACTTGCGTTCATCCA,2.622385502,
TTCATCCATGGTCATCTTCG,2.304178238,
CATGGTCATCTTCGAGGGCG,3.599845886,
GGTCATCTTCGAGGGCGCGG,4.03961277,
CATCTTCGAGGGCGCGGAGG,4.618612766,
TCGAGGGCGCGGAGGAGGTA,3.95024395,
GAAGTCCCTAAAGAGCGACT,4.016857147,
AAAGAGCGACTTGGAGCATT,3.577311039,
GAGCGACTTGGAGCATTTGG,2.163097143,
TGGAGCATTTGGAGGTCAAA,4.176810265,
GCGTCCTGTGCGTCAATCTC,5.38552618,
GTCCTGTGCGTCAATCTCAG,5.036905289,
CGTCAATCTCAGGGGATGTT,4.606615067,
GTATATTGAACATTCGTGTG,5.385327816,
ACATTCGTGTGAGGATGCCA,5.107460976,
TTCGTGTGAGGATGCCATGG,4.744719505,
ATCAGAAACCATCCACACGT,2.467595577,
TCTCTTCTACTTCAATCTCA,4.889889717,
TCTCACGGCCGACAAGACAA,5.459946632,
TCACGGCCGACAAGACAAAG,1.580614805,
AGAGATGCTGTATCGACTGC,4.197781563,
TGCCGGTTGATATCAAAGAC,4.371670723,
AAAGACTGGCTCTTCACCAA,5.165129662,
CAACGGAGATAGCATCTCTC,4.344040871,
CTTAACCGATATCACGTCTG,4.49146843,
CACGTCTGTGGGTTCCAACA,4.743274212,
CTGTGGGTTCCAACATGGCT,3.84969306,
GTTGCAGAATGTGACTCGAA,3.663780451,
TGTCCTCTTCCGCCTTCGAG,3.90487957,
GAAATGAGTCCCTCCAGCAG,1.717339993,
TCTCCCGCGTCGTCAACTGC,2.694392681,
TCGTCAACTGCTGGTTCTAC,4.790116787,
TCTACTGGAGTGTACAAGCG,4.381265163,
CTGGAGTGTACAAGCGTGGA,2.718500376,
CTATGCTGCTGTTCAGATCC,4.039177418,
AGATCCAGGATGCACACACA,3.579773903,
GGATGCACACACACGGGACC,3.846673489,
CACGGGACCTGGTGACTCGA,4.984989166,
GGTGACTCGATGGTTCACAG,4.356079102,
GACTCGATGGTTCACAGAGG,3.88737607,
CCACTTGCTATTCCATCATC,5.544451714,
TCCATCATCTGGTTTATCAC,3.97487402,
GTTTATCACAGGTTTGTCCG,3.782021284,
TCACAGGTTTGTCCGAGGCG,3.526337385,
GTTTGTCCGAGGCGTGGGAA,4.262627602,
GTGGGAACGGACTGTAGAGA,2.224821091,
GACGGAGTATCAGAAGTCGC,4.220918655,
CTGCAGCAAATCAATTATGA,3.441823959,
CAAATCAATTATGACGGTGC,4.377345085,
TGCAGGGAACCTGTCACGTC,4.202952385,
ATGAAGTGCATGCCAAGATT,3.245283365,
TGCCAAGATTCGGCTAGCTC,4.166292667,
TCGGCTAGCTCAGGGCGTGT,3.220132351,
TCAGGGCGTGTTGGGCGATA,1.99194169,
CGAAGACCATAAGAAACTGC,4.741307259,1
TGAAGATTGAAAGAAAAGTT,4.609760761,
AAGATTGAAAGAAAAGTTAG,1.520731688,
TGAAAGAAAAGTTAGGGGCG,4.075453281,
GGCGTGGGAAATAAGCCAAG,5.096009731,2
AGCCAAGAGGAGAGTTACCT,4.339902878,
CAGTTTGCAACATTCATGCA,4.365698814,
CATTCATGCATGGCAGATCT,2.836211681,
TTGTACTTTTATCAACACGT,2.598767042,
TTATCAACACGTCGGAGATT,5.081276417,
ATCAACACGTCGGAGATTTG,4.119773388,
GGGGTGACGATAGTTATCCG,2.351453304,
GAGAGCAGCCTTTGCATCTC,4.281836033,
GCAGCCTTTGCATCTCAGGA,2.884792328,
AGGACGGATTTCTAGACAGC,2.831943989,
TAGACAGCCGGCAATGACGA,3.945890665,
ACAGCCGGCAATGACGACGG,1.237238884,
GAAAAACAAAGCTAGTCTTC,5.339677811,
AAAACAAAGCTAGTCTTCCG,3.975250721,
AGCTAGTCTTCCGGGGTTAG,4.508797169,
AAATTATGAAAAAGAAAGCA,2.700128555,
TGAAAAAGAAAGCATGGAAC,4.200073719,
AAAAAGAAAGCATGGAACTG,3.68812108,
AAGAAAGCATGGAACTGGGG,3.872775078,
CATGGAACTGGGGAGGAGAT,3.683684111,
AGATTGGATACTGAAACAAA,5.531120777,
TCAGCGAGCTGTGTACATAC,4.840214252,
GTACATACTGGTACGATTAC,5.685815811,
GTACGATTACCGGTACATAG,4.959130287,
TTACCGGTACATAGCGGTAG,4.631942749,
CCGGTACATAGCGGTAGAGG,5.381029129,
CCTCCTCTACCGCTATGTAC,0.811686754,
ATTTAAATGCAATATGTGTT,4.605508804,
GTGTTTGGGCTGCAGAGAAG,4.131461143,
TTGGGCTGCAGAGAAGCGGA,4.552102566,
ACATTTATCTCCACTAACCC,-5.384128571,
GCTTTGTTTTTCGCGTGCTG,3.038256407,
ATTGCCGCCGTCGTCATTGC,4.900629044,
AAATCCGTCCTGAGATGCAA,2.05397439,
CAATGTCGTGTCGCGTCCCT,4.143111706,
CATGCATGAATGTTGCAAAC,2.723994017,
TGAATGTTGCAAACTGGAAA,4.514130592,
GCAAACTGGAAATGGTCCCG,5.021590233,
TCCCGAGGTAACTCTCCTCT,-0.406787634,
TTTCTTTCAATCTTCACTCT,0.459384203,
TCTTGGCCAGCAGTTTCTTA,3.717701674,
ATGGTCTTCGCTGAGAATAC,4.763340473,
GCCCTGAGCTAGCCGAATCT,4.5359478,
GCACTTCATCCAGACGTGAC,0.195842981,
CGTCATAATTGATTTGCTGC,3.137574434,
ATTGATTTGCTGCAGGTAGT,3.129589319,
TACAGTCCGTTCCCACGCCT,3.919119835,
ACCTGTGATAAACCAGATGA,4.048873901,
CCAGATGATGGAATAGCAAG,2.704500675,
GGAATAGCAAGTGGTCGCGT,2.544371367,
CTGTGAACCATCGAGTCACC,3.401641846,
GGTCCCGTGTGTGTGCATCC,5.182130814,
GATCTGAACAGCAGCATAGA,4.200408459,
ATAGAAGGTAGCAACAGCTA,3.731747627,
AGGTAGCAACAGCTACGGTC,1.800230145,
AGAACCAGCAGTTGACGACG,5.294579029,
GACGCGGGAGACGAACATGT,4.733847141,
CGCGGGAGACGAACATGTTG,2.706845522,
TGTTGGGGACGAAATTGACG,3.48699975,
TTGGGGACGAAATTGACGAG,1.792507768,
CGAGGGGGAAGAGCCGCTGC,2.271399736,
GGGGGAAGAGCCGCTGCTGG,4.759731293,
GCTGCTGGAGGGACTCATTT,4.454361439,
GCTGGAGGGACTCATTTCGG,3.267821789,
GGTGGAGTGACGCCGCTCGA,3.962236166,
GGAGTGACGCCGCTCGAAGG,4.036411285,
ACGCCGCTCGAAGGCGGAAG,5.299294472,
ATTCTGCAACCGAGCCATGT,3.745034933,
GGAACCCACAGACGTGATAT,3.834898472,
CAGAGAGATGCTATCTCCGT,3.645530224,
AGCCAGTCTTTGATATCAAC,1.092516661,
AACGTACCCCTTTGTCTTGT,4.656229019,
TGAGATTGAAGTAGAAGAGA,5.008937836,
ATTGAAGTAGAAGAGACGGT,3.525879383,
AGACGGTTGGTGCCGACGTG,3.781553507,
GGTTGGTGCCGACGTGTGGA,1.618238211,
CGTGTGGATGGTTTCTGATC,4.968598366,
GTTTCTGATCAGGATCACAT,3.750365496,
TCACATTGGCTAACAGCATA,5.694663048,
ATTGGCTAACAGCATATGGA,4.249288082,
CATATGGATGGCAGCCACCA,4.421461582,
ATCCCCTGAGATTGACGCAC,3.936272621,
AATGCTCCAAGTCGCTCTTT,4.715877533,
CGCGCCCTCGAAGATGACCA,3.266658306,
CAACCGCGAAATGTCGTCGC,2.367887974,
TCGTCGCCGGCTGTCAGTGC,3.977421522,
GCAGGGTTACCCTCCCTCGA,1.818779469,
GGGATACCTAGCCAGTATTC,4.23857069,
CGACTCCTCCCAGCATGCTC,1.715512514,
TCGAGTTGCTGCCAGCTTCC,3.922617674,
TTGCTGCCAGCTTCCCGGAA,4.204195023,
CGTCATGTGCTTGTACCAGT,2.959282398,
AGTACGTTTCGTAGCATGTC,4.370461941,
CACGCAACACGACACACAAG,3.328266144,
GCGGCTACATTGATGCTATC,5.605398178,
TTCCTGCGCCAGCCCTTCAA,3.857239485,
CCAGCCCTTCAATGGCTTGC,4.263370514,
CTCTTTGCAGCCTCTGACAA,4.652890205,
CACTGACGAGTACGCCAAGA,4.32070446,
CATAAGATAGCCCTGAGAGA,3.192101002,
AGCCCTGAGAGAAGGCCATC,4.768657684,
CCCTGAGAGAAGGCCATCTG,5.501736164,
ATCGTGAGTCCAGTATGATG,4.250844002,
AACTCCGTCGAGCAGACTGT,3.73203516,
GACTGTTGGGTTCACCGCTA,4.753157616,
ACCGCTAAGGCGCATATGCA,1.990989447,
CGCTAAGGCGCATATGCATG,3.680104971,
GCATGGGGATTTCATGTCCG,3.826502085,
TGGGGATTTCATGTCCGAGG,2.436224937,
GGTGGGCCACGAATCGATGC,3.297343969,
GTGAGATGCGACTGCGTCAG,3.683820963,
GAGATGCGACTGCGTCAGTG,4.616983414,
CTGCGTCAGTGGGGGCACAC,3.364914417,
GCAGCCTTCTCCAGCGCCTC,1.956777573,
AGCGCCTCCGGCAGCTGCTG,4.603912354,
CGCCTCCGGCAGCTGCTGAG,3.34599638,
CTGCTGAGGGGGCAGCAATG,2.917962551,
GGGGGCAGCAATGCGGAATC,3.789951086,
AGCAATGCGGAATCCGGGTT,3.066032171,
GTTAGGTGCTGAGCCGTCTC,4.427788258,
TAGGTGCTGAGCCGTCTCTG,2.716964245,
CTGAGCCGTCTCTGGGGAGC,2.092464447,
CCTGTTGACGCCAGAGCTGC,2.268307686,
GTTGACGCCAGAGCTGCTGG,3.367355824,
CCAGAGCTGCTGGCGGAAAC,4.987338543,
TCCGACTTGTCCGTATAAGA,3.57347703,
ACCTTGAATGCATGTTCCTC,4.138415813,
AATGCATGTTCCTCTGGCTC,1.063051939,
TCCGGTTTGATTTGTATTTG,-1.365693808,
ATGTAGATTGTATGTGTTGC,4.446279049,
CGTTGACCTTGTTCCTGTTG,3.365964413,
CCTGTTGTGGTAGTTGTTGC,3.911873341,
ACCTTGAAGACCTGTTCTCC,4.399497032,
GACCTGTTCTCCTGGCACCA,5.269405365,
TCCTGGCACCATGGTCCCTT,3.467747688,
TGTCTTCCGTCTCCACCAGA,3.687740803,
CAACCCGACCTTGTAGCCCT,4.479543686,
CCTTGTAGCCCTTGGATATC,2.527552605,
CCTTGGATATCTGGCTCTGC,0.435278654,
GTTTTCGAACTCGCCAAATT,1.651009083,
CCGTCTGCTTAAAGTCGAAT,3.781090021,
ATCGGGTCGAGTAGTCGCAT,1.705913782,
GCGCTCGCCTCGCTTGCAGT,0.889305353,
TCGCTTGCAGTTGGAGCAAA,3.517301559,
CGCACTTGACCCGCCGTTTG,0.852782965,
CTTGACCCGCCGTTTGCGGC,4.907998085,
GCAGGTCGCACACCCCATCT,2.178121328,
GACCACTCGAGTTCGTTTCA,0.581040621,
TCGAGTTCGTTTCATGGCGT,4.862206936,
ATGCCGAGCTAAAACCCCAA,2.925856352,
GCTAAAACCCCAATGGTTTA,4.732165337,
TAAAACCCCAATGGTTTACG,-10.52406693,
GTGTGTTGTTTTTTTTTTCA,-9.676458359,
GTGTTGTTTTTTTTTTCAAG,-3.749634504,
TGTTTTTTTTTTCAAGGGGG,1.482312441,
TTTTTCAAGGGGGCGGCAAG,2.801445961,
TTCAAGGGGGCGGCAAGCGG,4.134078026,
GGCGGCAAGCGGCGGATTAG,4.587954044,
CGGCAAGCGGCGGATTAGAG,0.240288973,
GGTCAGTGTATGTGAGCAAA,1.589620352,
AGTGCTTCTTTTTCCAACCA,2.536904573,
GGGATTTTTTAGTTACCACC,2.226387024,
TTTTTTAGTTACCACCCGGC,-0.309272051,
CTTTTTTAGCTATAGTTAAT,4.571794033,
TAGCTATAGTTAATAGGAAA,3.197219849,
AGGAAAAGGGTGTGTGAGAT,3.754022837,
AGGCCAAGTAAGAAAGCCTA,5.061450958,
GCCAAGTAAGAAAGCCTATG,2.270061016,
AGTAAGAAAGCCTATGGGGC,1.419120312,
AGCCTATGGGGCAGGCCGTC,3.932565451,
TGGGGCAGGCCGTCAGGAAC,4.772192001,
GCCGTCAGGAACAGGAGATG,3.563951492,
GAACAGGAGATGAGGGACGA,2.890986443,
GATGAGGGACGACGGAACGA,3.135756016,
ACGGAACGACGGGCCGAAAC,3.193097353,
GACGGGCCGAAACCGGGTAT,3.972023964,
TTGGGTCGCCGACAAACCGA,4.686532974,
