Guide,Score
TATCCCTCTGGAAACTGTACCTACG,1.2137376070022583
TGGCTCATAACCGAAGATGCAGAAG,1.6049174070358276
TCGGCATAGTACTTGGGCTTTGCGA,1.8006649017333984
ACTACATCAATGTCATAAGCAAAAT,0.467222660779953
TTCGATAATGCCTTCAGTTGGCCAA,0.7642879486083984
TTGGGCTATATTTGATGTTGAAATG,1.6321104764938354
CAGAGCCCTCGGAGGTATTCAGGAG,-0.16026103496551514
ATCCGTCGATTCCGTTTCAATCTAG,1.41545569896698
TTCACTGGTAATCACCTAATTTTGC,0.49855461716651917
CGAGCTTCTCAAAAACTAGATTGAT,1.7874630689620972
TAATATGTCCACTTAGAAATCGTCC,1.5013703107833862
TCCTTAGTAGCATCGTCATTAGCCT,1.8604366779327393
ACTACTGTACTTGTAATAAGACGTC,1.5980373620986938
CGGTCCATCACCTACCTGTGCCGTC,-0.44123318791389465
CTCTCATATTCCCTTTTCCTCTCAT,0.123835489153862
CTCTCATATCCGCATCTCTTTTATA,0.2477797567844391
TCTGACAGAAGCTCAATTTGAAGAG,1.8533817529678345
TAAGTGGACATATTATAAATATCTA,-0.26443883776664734
CAAGAGCAACGGGCTTTCGGCCAGA,1.1862505674362183
GGCCAGAAGACGTCTCAAGGGTTCC,1.61703360080719
CGTGAGAGGGGTATGTAGAGTCGAT,-0.15263262391090393
AGGAACATGGGGGAGCAGGTGGTTT,1.7236979007720947
CCTGCCAGAGAACTCCATCACAATC,1.2347514629364014
TCCTGTGACCCTTTCAATTGGTTGT,0.1946743279695511
AATTGGTTGTTATTCTAACGCCTAC,0.21579846739768982
TCGCTTGAGCTCTCGTCGCTCCTGA,1.7880074977874756
GCTGAGTTAGTAATGTGAATCGATG,-0.17612674832344055
AATCTAGTTTTCGTCTCATGTCTCC,1.785023808479309
GTCTCATGTCTCCATCACGAATCCA,1.3339825868606567
AACATCAAATATAGCCCAATAAATG,2.095677137374878
TAGACCAGTACGACGACTTCCTGTT,2.066786050796509
GTCACCAACAATTCGACCAAGTCTC,1.3428720235824585
CACGAGACTTCTTTGTCTCAGCATC,1.9331284761428833
GTGTTTATCCTTAGTAGCATCGTCA,-0.9652101993560791
TTTCCGTCTTTCTCGTAGAAGGCCC,-0.7911440134048462
CGTCTTTCTCGTAGAAGGCCCGGAT,1.5641748905181885
TCGTAGAAGGCCCGGATATCAATCA,1.1116645336151123
CCAGTTCAAACACCTTATCTTCAGC,0.23040899634361267
CCTCCATTCGAGATCCGATATTCGA,2.1771624088287354
CAGAGGGATATAAAAGAGATGCGGA,0.8610970973968506
TTCGGTGGGCATTGTCAGTCACCAG,1.1921954154968262
TGACTGTCCAACATGGCTGAAGATA,1.995933175086975
AACTGGGAAATGATAAGCGTGTGAC,0.6343690156936646
AAGAGCTCTCAGAACAAGTGCAAAG,1.3507901430130005
AGAAGCTCGTAAAGGTCTCCGAGTT,-0.03842434287071228
CGACCGCGTCCTCCTTCTTGATGCT,1.8054615259170532
GTGGTGATCTTGACACTCATTGTTG,1.5279210805892944
GTTGACTAATTAGTCTGAGCTGCAA,-0.09210526943206787
CATATTTATTCGATAATGCCTTCAG,0.083077073097229
CCCCCTGTCGGAGGATACGAACCCG,0.870123028755188
CACCATTTATTGGGCTATATTTGAT,0.18160480260849
ATGTTGAAATGGGTGGATTCGTGAT,1.5498236417770386
AATGAGAGGCCACAAAGATGGAGCA,1.6921600103378296
TGTATCACAGAATGTGTGAGATGAG,0.6394293308258057
GCCGTCGCATTTGCATTGTCATGTG,1.204352855682373
CATTGTCATGTGTCGTGTGCTCTCT,1.142111897468567
TGGCCTCTCATTCAAACAATACCTG,-0.5794527530670166
CCGCTTTAATCCGTCGATTCCGTTT,1.9042837619781494
GGTACAACACACAGCCAATCAGGGT,0.8707809448242188
GGAGTTTGATCACGTGAAGGTAGGG,1.8355070352554321
ATCACGTGAAGGTAGGGAACCATAA,1.5439242124557495
CTTATGACATTGATGTAGTTAAATT,1.9151972532272339
TATGAATTACCATAATATCATAACC,0.3220697045326233
ATTGTGATGGAGTTCTCTGGCAGGG,-0.22205272316932678
AGAAGTTTGGCATCAAGGTCAACAA,1.9610613584518433
GCATCAAGGTCAACAAGGAGGAGAT,0.46698498725891113
GATCCGCCTACTCGGCCGCCGTCTA,1.296283483505249
ATCCCTCCAAGGCCTGTATGGTCGG,0.2324761301279068
TGCTCAGCGGTGTCGACACCGAGGA,-0.5930287837982178
TCTCAGCATCTTTGCTTTCGTGTTT,-0.7756630182266235
CTTTCGTGTTTATCCTTAGTAGCAT,-0.48164239525794983
ATTCCTTGGCCTTGGCCTTGTCTCC,-0.03653547167778015
CACTTGTTCTGAGAGCTCTTCAAAT,-0.473830908536911
AGCCGGGCAATTTCTTTCCGTCTTT,1.6900420188903809
TTAGGATTATTTAACTACTGTACTT,1.2666996717453003
